	evs	loss	mae	mean_abs_fc	median_abs_fc	mse	pearsonr	pearsonr_p	r2	smse	spearmanrho	spearmanrho_p
0	0.35453021162156967	7758.850335372026	0.6420764124926351	4.390697546675612	3.5257559137383176	0.6455180885445584	0.5952133502899036	4.489534248681761e-114	0.35403743370351437	0.6453910170297025	0.5732377394550752	3.094528578296758e-109
