	evs	loss	mae	mean_abs_fc	median_abs_fc	mse	pearsonr	pearsonr_p	r2	smse	spearmanrho	spearmanrho_p
0	0.48856447979375967	7077.046072170214	0.5625876496764353	3.65642293596673	2.9347299581000312	0.5116953314294787	0.6988534940262167	7.2184893770264115e-177	0.4881477737294622	0.511395953338529	0.6798202143874033	1.2566681560148543e-177
