	evs	loss	mae	mean_abs_fc	median_abs_fc	mse	pearsonr	pearsonr_p	r2	smse	spearmanrho	spearmanrho_p
Kidney_test	0.5072675331362868	6760.21723084874	0.552203164318382	3.5688429786390956	2.8758240837644324	0.4926407138812503	0.7122614907535375	1.814882436529658e-219	0.5068627130934107	0.49240187696700854	0.6879201554142592	3.799744802335759e-200
Tonsil_test	0.5230667350579015	6763.232422233365	0.5409170597501461	3.475524874076715	2.7718063602199248	0.47689067002402225	0.7233168240641086	3.940603133696457e-249	0.5230029595542678	0.47678559327959735	0.6990634550884005	1.4465189848537116e-220
Salivarygland_test	0.4901155609840552	6942.376517691802	0.5605516529908545	3.635699154101352	2.977668059767687	0.5099435066694703	0.7002509459781645	4.609793026167451e-231	0.48979623228384	0.5098295123474078	0.6827948318950372	2.8134444211740676e-211
Lymphnode_test	0.46416485264079876	6903.118948964712	0.571563348709975	3.729406124642008	2.9518806396412893	0.5363774381726335	0.6813006357762733	1.768285084143973e-198	0.4633173864172887	0.5358967474250202	0.6630590165800652	4.255345391648814e-189
Brain_test	0.493212171886511	7407.356636225605	0.5649711941965359	3.6737487898161234	2.9725174479170198	0.506272620630271	0.7027649333317345	6.458226411059316e-238	0.49297212659759654	0.5067860519311173	0.6823503372558826	2.737797596878005e-225
Adrenal_test	0.48555381263057623	7401.249450450485	0.5651720595712539	3.6887073917560635	2.938732857831353	0.5162792215354262	0.695754316005376	5.774791501621129e-176	0.4850674064027606	0.5144358911757874	0.6815718620176225	1.0053345248104079e-176
Thyroid_test	0.484554729208938	6672.722301809915	0.5664134102477364	3.685005531342475	2.9258695746504864	0.5154535780848587	0.6962678069389779	1.4440927255600772e-209	0.4837605781553389	0.5155853016713834	0.6767887861218691	1.0498996366603651e-188
Testis_test	0.4605804428050103	7766.095069137083	0.5789093076265982	3.7944486433600075	3.0635406410080517	0.5397049024378968	0.6789109993615616	2.4953876349393364e-221	0.46040278733119455	0.5394466519109097	0.6650132707260898	2.4523793756145435e-205
