	evs	loss	mae	mean_abs_fc	median_abs_fc	mse	pearsonr	pearsonr_p	r2	smse	spearmanrho	spearmanrho_p
Kidney_test	0.5065262474769261	6765.693212302162	0.5524908459471687	3.5711837889294644	2.8802037351425973	0.4933798984039054	0.7117501636833381	1.1491999893853003e-218	0.5061102231167487	0.4931526232926672	0.6877018613885232	9.236349358276585e-200
Tonsil_test	0.5215867677976451	6775.570176560956	0.5414102026248813	3.4792473591058135	2.7840392306203787	0.4782502597814989	0.7222951851617401	8.295971848300777e-249	0.5215318911488686	0.4782558163163929	0.698528814749287	3.689767045823615e-220
Salivarygland_test	0.48814288473419243	6947.396618851926	0.5612902808201885	3.6418911066646222	2.993019400488292	0.5119539580529493	0.6988453433605232	3.0787158942114387e-230	0.4878294552730414	0.5117952022459202	0.6816231653330705	5.824667598548113e-211
Lymphnode_test	0.45786217698482	6916.625059333965	0.5744354907848676	3.754192464399009	2.946112310090725	0.5427024608794789	0.6766429851674245	1.398933465089233e-193	0.4570134692876192	0.542190580450735	0.659333010514793	1.3699596626631946e-186
Brain_test	0.49172992401463655	7418.773118520747	0.5656993505925402	3.679930664155949	2.9591658935353724	0.507765562461772	0.7017188384626141	2.5952029162787303e-236	0.4915134986936403	0.5082436320277302	0.6814222289899141	5.70225253716461e-227
Adrenal_test	0.5175514877628744	7219.9145088147925	0.548056545533392	3.533828350015798	2.8434942133773373	0.4823012428901162	0.7195198424442071	1.3907993677839808e-252	0.5173315593941924	0.48222001867049535	0.7018255463011999	2.1728675220447363e-237
Thyroid_test	0.48031247129207355	6671.507721849066	0.5672469859624761	3.692082380714112	2.9422922473421282	0.5171421310646611	0.6933184314890886	1.364507414644608e-209	0.4799591416551236	0.5195889609556795	0.6731755843444757	6.7950849422569504e-189
Testis_test	0.4573984524481688	7773.2425927740405	0.5805217291820535	3.808353357347959	3.0471623523995053	0.5428620576681721	0.6765484126045238	3.333454460101858e-219	0.45722947162510463	0.5426363585773792	0.6613632128595375	5.598448925243729e-203
