	evs	loss	mae	mean_abs_fc	median_abs_fc	mse	pearsonr	pearsonr_p	r2	smse	spearmanrho	spearmanrho_p
0	0.49013880156391715	7061.090376125956	0.561393928930946	3.645088683916591	2.9244361728745423	0.5095446964003192	0.7000799002966824	1.7486668313615416e-194	0.4898148387742923	0.5097603990671249	0.6806216780601001	1.72094343450693e-187
