	evs	loss	mae	mean_abs_fc	median_abs_fc	mse	pearsonr	pearsonr_p	r2	smse	spearmanrho	spearmanrho_p
0	0.49219240774114054	7051.376378245368	0.5606292925249644	3.638439104990735	2.9278786394068175	0.5077832262581989	0.701549074581102	2.2103563551980165e-199	0.49183023108748974	0.507760289941138	0.68190969409146	1.844292719786307e-189
