	evs	loss	mae	mean_abs_fc	median_abs_fc	mse	pearsonr	pearsonr_p	r2	smse	spearmanrho	spearmanrho_p
Kidney_test	0.3746181870319775	7416.9371419408535	0.6288718171652803	4.25780243784936	3.356849392353257	0.6249071589529872	0.6127026070882375	4.581505210034647e-134	0.3741930506261538	0.624884767649139	0.5888570370794838	7.378946437997305e-120
Tonsil_test	0.3956971696360517	7454.37387573824	0.6200917839313397	4.171555461440955	3.369300954532547	0.6040111646099893	0.6291829262774564	4.106138227397807e-164	0.39559945819317394	0.6041287490978842	0.5976507833670455	1.9342606171443614e-137
Salivarygland_test	0.3535520833477787	7636.104509193344	0.6420693257881459	4.387103862648315	3.5514911513287624	0.6465470112614237	0.5947243152328425	8.321822750619896e-146	0.3532798652373872	0.6462477495652547	0.5746672697261249	4.5433436515231705e-133
Lymphnode_test	0.3129690031957673	7574.842077249644	0.6598505267213529	4.5727688500790995	3.6254677680894156	0.6881233074899397	0.5594037529837583	3.5916273989454086e-113	0.3115557713639719	0.6874322063705132	0.539851710108475	2.47562286243145e-108
Brain_test	0.3532226530624916	8174.36765984316	0.6476271325483778	4.445882543523684	3.5554881736015647	0.6467478024534067	0.5951883444606447	1.5382720739658219e-149	0.35286181870817035	0.6468209871338579	0.5758060070057159	4.34190595479845e-143
Adrenal_test	0.38163181960572234	7948.658026163792	0.6307942935871086	4.275841969632035	3.525810648276722	0.6183274825886773	0.6178554736286856	3.470754377535507e-169	0.38134473649219947	0.6180724242878723	0.5991691666170981	7.284300305006402e-159
Thyroid_test	0.3523743590162212	7333.833689529788	0.6426485325827735	4.393489885463284	3.5238858270286335	0.6476608715505062	0.5937842610476197	3.5213733912549967e-137	0.3515060194640983	0.6476661184448693	0.5710740764637998	3.0383995505992125e-121
Testis_test	0.31217641807654684	8531.685703317376	0.6646578876167029	4.621135362768163	3.697753394695641	0.6878199094495367	0.558865121599984	1.2887136157202617e-131	0.31195874954295977	0.6878751336882291	0.538825865272859	1.982737578752132e-118
