	evs	loss	mae	mean_abs_fc	median_abs_fc	mse	pearsonr	pearsonr_p	r2	smse	spearmanrho	spearmanrho_p
Kidney_test	0.5072675331362868	6760.217230848741	0.5522031643183821	3.568842978639096	2.8758240837644324	0.4926407138812503	0.7122614907535375	1.8148824365296566e-219	0.5068627130934107	0.4924018769670085	0.6879201554142592	3.799744802335757e-200
Tonsil_test	0.5230667350579015	6763.2324222333655	0.5409170597501461	3.475524874076715	2.7718063602199248	0.4768906700240223	0.7233168240641086	3.9406031336964547e-249	0.5230029595542678	0.4767855932795974	0.6990634550884005	1.446518984853711e-220
Salivarygland_test	0.4901155609840552	6942.376517691801	0.5605516529908545	3.635699154101352	2.977668059767687	0.5099435066694703	0.7002509459781645	4.6097930261674493e-231	0.48979623228384	0.5098295123474078	0.6827948318950372	2.8134444211740668e-211
Lymphnode_test	0.4641648526407988	6903.118948964712	0.5715633487099749	3.7294061246420087	2.9518806396412893	0.5363774381726335	0.6813006357762733	1.7682850841439723e-198	0.4633173864172887	0.5358967474250202	0.6630590165800652	4.2553453916488125e-189
Brain_test	0.493212171886511	7407.356636225605	0.5649711941965359	3.6737487898161234	2.97251744791702	0.506272620630271	0.7027649333317345	6.458226411059314e-238	0.4929721265975965	0.5067860519311173	0.6823503372558826	2.7377975968780034e-225
Adrenal_test	0.5145772362096225	7195.891899051722	0.5495052023594871	3.544836743948103	2.8839223082856456	0.48498238016518924	0.7173189604444585	3.906119645991178e-247	0.5145270652669807	0.4853505839966594	0.6982876996500764	5.752659795869012e-232
Thyroid_test	0.48455472920893794	6672.722301809915	0.5664134102477364	3.6850055313424748	2.9258695746504864	0.5154535780848587	0.6962678069389779	1.4440927255600766e-209	0.4837605781553389	0.5155853016713834	0.6767887861218691	1.0498996366603648e-188
Testis_test	0.4605804428050103	7766.095069137083	0.5789093076265982	3.794448643360008	3.063540641008052	0.5397049024378968	0.6789109993615616	2.4953876349393354e-221	0.4604027873311946	0.5394466519109097	0.6650132707260898	2.452379375614542e-205
